1#2$20220523040038814_8.jpg,0,2,3,1,650
1#2$20220523040038814_15.jpg,0,2,3,1,639
1#9$20220523040101772_3.jpg,0,2,3,1,650
1#13$20220523041030286_6.jpg,0,2,3,1,887
1#16$20220523041839271_5.jpg,0,2,3,1,887
1#16$20220523041935301_2.jpg,0,2,3,1,9
1#16$20220523042935650_2.jpg,0,2,3,1,666
1#16$20220523042947120_1.jpg,0,2,3,1,666
1#16$20220523043002977_1.jpg,0,2,3,1,666
1#16$20220523043649549_5.jpg,0,2,3,1,650
1#30$20220523040244301_0.jpg,0,1,2,3,650
1#30$20220523043744310_11.jpg,0,2,3,1,931
1#37$20220522171733906_1.jpg,0,2,3,1,11
1#37$20220523043807154_1.jpg,0,2,1,3,650
1#37$20220523043807154_7.jpg,0,3,2,1,650
1#37$20220523043807154_9.jpg,0,3,2,1,650
1#37$20220523043807154_11.jpg,0,3,2,1,11
1#55$20220522172022663_0.jpg,0,2,3,1,457
1#55$20220522172022663_2.jpg,0,2,1,3,572
1#55$20220522172022663_3.jpg,0,2,3,1,177
1#55$20220523040711672_5.jpg,0,2,3,1,746
1#59$20220523040739886_2.jpg,0,2,3,1,172
1#16$20220523044218030_0.jpg,3,1,2,0,985
1#16$20220523044218030_4.jpg,1,3,0,2,576
1#19$20220523040141868_0.jpg,1,3,2,0,985
1#19$20220523040141868_2.jpg,1,2,3,0,81
1#19$20220523041058003_2.jpg,1,3,2,0,985
1#19$20220523043707851_11.jpg,3,0,1,2,746
1#52$20220522171855372_10.jpg,1,3,2,0,459
1#52$20220523040506088_4.jpg,1,3,2,0,605
1#52$20220523040506088_10.jpg,1,3,2,0,985
1#52$20220523043915694_1.jpg,1,3,0,2,208
1#59$20220523043943062_4.jpg,1,3,0,2,459
1#16$20220523044201414_1.jpg,3,1,2,0,459
1#16$20220523044218030_7.jpg,3,0,1,2,454
1#16$20220523044414464_1.jpg,3,1,2,0,525
1#16$20220523044414464_5.jpg,0,3,2,1,474
1#16$20220523050548721_8.jpg,3,2,0,1,67
1#16$20220523050813128_1.jpg,3,1,0,2,607
1#48$20220522171832275_0.jpg,2,0,1,3,81
1#48$20220522171832275_8.jpg,2,1,3,0,81
1#16$20220523041039362_5.jpg,3,1,2,0,963
1#16$20220523041935301_6.jpg,3,2,0,1,67
1#16$20220523041935301_7.jpg,3,2,0,1,65
1#16$20220523042736009_7.jpg,3,2,0,1,67
1#16$20220523042919163_9.jpg,3,2,1,0,360
1#16$20220523042935650_8.jpg,3,2,1,0,459
1#16$20220523043002977_5.jpg,3,2,1,0,251
1#16$20220523043002977_8.jpg,3,2,0,1,67
1#16$20220523043114295_7.jpg,3,1,2,0,65
1#16$20220523044808894_6.jpg,1,3,2,0,459
1#16$20220523045725137_3.jpg,3,0,2,1,621
1#16$20220523045725137_5.jpg,1,3,2,0,765
1#16$20220523050548721_4.jpg,1,2,3,0,88
1#16$20220523050813128_6.jpg,3,1,0,2,985
1#16$20220523051056325_5.jpg,3,0,2,1,963
1#16$20220523051106009_1.jpg,3,1,2,0,850
1#16$20220523051435474_3.jpg,3,1,2,0,208
1#16$20220523051443165_2.jpg,3,2,0,1,983
1#16$20220523051448871_3.jpg,3,1,2,0,459
1#16$20220523051448871_5.jpg,3,2,0,1,443
1#16$20220523051500953_7.jpg,3,0,2,1,983
1#16$20220523051500953_9.jpg,3,2,0,1,607
1#16$20220523051500953_10.jpg,3,2,1,0,598
1#16$20220523051505529_11.jpg,3,2,0,1,443
1#16$20220523051604569_3.jpg,3,1,2,0,208
